{"random_tpn_results": [0.2397695356534672], "random_tps_results": [0.5023048441081644]}